task_a_id,task_b_id,repo,difficulty_a,difficulty_b,difficulty_diff,difficulty_avg,jaccard,cosine,files_a,files_b
pydata__xarray-4075,pydata__xarray-3677,pydata/xarray,1,2,1,1.5,0.12048192771084337,0.2036793757122795,xarray/core/weighted.py,xarray/core/dataset.py
sympy__sympy-12481,sympy__sympy-19346,sympy/sympy,1,2,1,1.5,0.15384615384615385,0.11042980379519605,sympy/combinatorics/permutations.py,sympy/printing/repr.py
matplotlib__matplotlib-24149,matplotlib__matplotlib-14623,matplotlib/matplotlib,1,2,1,1.5,0.0728476821192053,0.10234443971537323,lib/matplotlib/axes/_axes.py,"lib/matplotlib/axes/_base.py,lib/matplotlib/ticker.py,lib/mpl_toolkits/mplot3d/axes3d.py"
sympy__sympy-13480,sympy__sympy-15349,sympy/sympy,1,2,1,1.5,0.17307692307692307,0.20653702633163773,sympy/functions/elementary/hyperbolic.py,sympy/algebras/quaternion.py
sphinx-doc__sphinx-7889,sphinx-doc__sphinx-7757,sphinx-doc/sphinx,1,2,1,1.5,0.10869565217391304,0.03271810026234489,sphinx/ext/autodoc/mock.py,sphinx/util/inspect.py
scikit-learn__scikit-learn-11310,scikit-learn__scikit-learn-10908,scikit-learn/scikit-learn,1,2,1,1.5,0.08208955223880597,0.19912017565376078,sklearn/model_selection/_search.py,sklearn/feature_extraction/text.py
sphinx-doc__sphinx-7454,sphinx-doc__sphinx-7748,sphinx-doc/sphinx,1,2,1,1.5,0.06018518518518518,0.11092156196412728,sphinx/domains/python.py,sphinx/ext/autodoc/__init__.py
sympy__sympy-13372,sympy__sympy-13974,sympy/sympy,1,2,1,1.5,0.0782122905027933,0.06950176195333976,sympy/core/evalf.py,sympy/physics/quantum/tensorproduct.py
pydata__xarray-6461,pydata__xarray-3095,pydata/xarray,1,2,1,1.5,0.09055118110236221,0.12272684164881978,xarray/core/computation.py,"xarray/core/indexing.py,xarray/core/variable.py"
sympy__sympy-12096,sympy__sympy-18698,sympy/sympy,1,2,1,1.5,0.12745098039215685,0.1433638009716135,sympy/core/function.py,sympy/polys/polytools.py
scikit-learn__scikit-learn-13135,scikit-learn__scikit-learn-10297,scikit-learn/scikit-learn,1,2,1,1.5,0.0718232044198895,0.07099499316570336,sklearn/preprocessing/_discretization.py,sklearn/linear_model/ridge.py
sympy__sympy-13480,sympy__sympy-13757,sympy/sympy,1,2,1,1.5,0.14035087719298245,0.1936508610675883,sympy/functions/elementary/hyperbolic.py,sympy/polys/polytools.py
sphinx-doc__sphinx-7889,sphinx-doc__sphinx-8721,sphinx-doc/sphinx,1,1,0,1.0,0.14516129032258066,0.1769873518197274,sphinx/ext/autodoc/mock.py,sphinx/ext/viewcode.py
pydata__xarray-4356,pydata__xarray-7229,pydata/xarray,1,2,1,1.5,0.12643678160919541,0.1942657643399809,xarray/core/nanops.py,xarray/core/computation.py
sympy__sympy-13372,sympy__sympy-13480,sympy/sympy,1,1,0,1.0,0.18333333333333332,0.13519064782315454,sympy/core/evalf.py,sympy/functions/elementary/hyperbolic.py
pydata__xarray-4075,pydata__xarray-7229,pydata/xarray,1,2,1,1.5,0.0893854748603352,0.08543957247978767,xarray/core/weighted.py,xarray/core/computation.py
matplotlib__matplotlib-20676,matplotlib__matplotlib-25332,matplotlib/matplotlib,1,1,0,1.0,0.11494252873563218,0.4004465184854882,lib/matplotlib/widgets.py,lib/matplotlib/cbook.py
astropy__astropy-7166,astropy__astropy-13033,astropy/astropy,1,2,1,1.5,0.1,0.09111295275151227,astropy/utils/misc.py,astropy/timeseries/core.py
pydata__xarray-4966,pydata__xarray-7229,pydata/xarray,2,2,0,2.0,0.07602339181286549,0.1935647700769381,xarray/coding/variables.py,xarray/core/computation.py
sympy__sympy-13372,sympy__sympy-13647,sympy/sympy,1,2,1,1.5,0.125,0.09495268222599816,sympy/core/evalf.py,sympy/matrices/common.py
django__django-9296,django__django-13410,django/django,1,1,0,1.0,0.16071428571428573,0.1741077639527192,django/core/paginator.py,django/core/files/locks.py
scikit-learn__scikit-learn-11310,scikit-learn__scikit-learn-26194,scikit-learn/scikit-learn,1,2,1,1.5,0.09016393442622951,0.1878543597736756,sklearn/model_selection/_search.py,sklearn/metrics/_ranking.py
sympy__sympy-13372,sympy__sympy-13031,sympy/sympy,1,2,1,1.5,0.11827956989247312,0.0684469310815262,sympy/core/evalf.py,sympy/matrices/sparse.py
astropy__astropy-14309,astropy__astropy-7606,astropy/astropy,1,2,1,1.5,0.16304347826086957,0.12676493789839385,astropy/io/fits/connect.py,astropy/units/core.py
pydata__xarray-3677,pydata__xarray-4966,pydata/xarray,2,2,0,2.0,0.1232876712328767,0.16131007806743447,xarray/core/dataset.py,xarray/coding/variables.py
matplotlib__matplotlib-20676,matplotlib__matplotlib-24870,matplotlib/matplotlib,1,2,1,1.5,0.0825242718446602,0.3391777065812681,lib/matplotlib/widgets.py,"lib/matplotlib/contour.py,lib/matplotlib/tri/_tricontour.py"
sympy__sympy-12481,sympy__sympy-19495,sympy/sympy,1,1,0,1.0,0.10112359550561797,0.09761818545923187,sympy/combinatorics/permutations.py,sympy/sets/conditionset.py
astropy__astropy-13033,astropy__astropy-13579,astropy/astropy,2,3,1,2.5,0.11956521739130435,0.2174733812233357,astropy/timeseries/core.py,astropy/wcs/wcsapi/wrappers/sliced_wcs.py
sympy__sympy-13480,sympy__sympy-15345,sympy/sympy,1,1,0,1.0,0.16,0.13038745488133863,sympy/functions/elementary/hyperbolic.py,sympy/printing/mathematica.py
scikit-learn__scikit-learn-12585,scikit-learn__scikit-learn-14141,scikit-learn/scikit-learn,1,1,0,1.0,0.15384615384615385,0.2124603420380194,sklearn/base.py,sklearn/utils/_show_versions.py
sphinx-doc__sphinx-7889,sphinx-doc__sphinx-7590,sphinx-doc/sphinx,1,4,3,2.5,0.02894736842105263,0.47045726385325265,sphinx/ext/autodoc/mock.py,"sphinx/domains/c.py,sphinx/domains/cpp.py,sphinx/util/cfamily.py"
astropy__astropy-14995,astropy__astropy-13033,astropy/astropy,1,2,1,1.5,0.14150943396226415,0.21445716554603944,astropy/nddata/mixins/ndarithmetic.py,astropy/timeseries/core.py
scikit-learn__scikit-learn-13328,scikit-learn__scikit-learn-14894,scikit-learn/scikit-learn,1,2,1,1.5,0.1780821917808219,0.19628808512044,sklearn/linear_model/huber.py,sklearn/svm/base.py
matplotlib__matplotlib-24149,matplotlib__matplotlib-24570,matplotlib/matplotlib,1,1,0,1.0,0.09876543209876543,0.10238228542467155,lib/matplotlib/axes/_axes.py,lib/matplotlib/offsetbox.py
sympy__sympy-12096,sympy__sympy-15345,sympy/sympy,1,1,0,1.0,0.12987012987012986,0.21323539341936587,sympy/core/function.py,sympy/printing/mathematica.py
sphinx-doc__sphinx-7454,sphinx-doc__sphinx-8035,sphinx-doc/sphinx,1,2,1,1.5,0.07179487179487179,0.07540290057084346,sphinx/domains/python.py,sphinx/ext/autodoc/__init__.py
pydata__xarray-3677,pydata__xarray-6599,pydata/xarray,2,2,0,2.0,0.11428571428571428,0.37089159697345714,xarray/core/dataset.py,xarray/core/computation.py
astropy__astropy-14995,astropy__astropy-14598,astropy/astropy,1,2,1,1.5,0.10344827586206896,0.08439220274307199,astropy/nddata/mixins/ndarithmetic.py,astropy/io/fits/card.py
django__django-10880,django__django-11820,django/django,1,1,0,1.0,0.1388888888888889,0.20233378138605895,django/db/models/aggregates.py,django/db/models/base.py
scikit-learn__scikit-learn-13142,scikit-learn__scikit-learn-14629,scikit-learn/scikit-learn,1,2,1,1.5,0.1144578313253012,0.3356147661694498,sklearn/mixture/base.py,sklearn/multioutput.py
matplotlib__matplotlib-24149,matplotlib__matplotlib-21568,matplotlib/matplotlib,1,2,1,1.5,0.11363636363636363,0.11337634233563297,lib/matplotlib/axes/_axes.py,lib/matplotlib/dates.py
sphinx-doc__sphinx-7889,sphinx-doc__sphinx-10435,sphinx-doc/sphinx,1,1,0,1.0,0.1267605633802817,0.21497640829116585,sphinx/ext/autodoc/mock.py,sphinx/writers/latex.py
matplotlib__matplotlib-24177,matplotlib__matplotlib-22865,matplotlib/matplotlib,1,2,1,1.5,0.10638297872340426,0.15327194357411741,lib/matplotlib/axes/_base.py,lib/matplotlib/colorbar.py
sphinx-doc__sphinx-7910,sphinx-doc__sphinx-10323,sphinx-doc/sphinx,1,1,0,1.0,0.11538461538461539,0.13401904040250692,sphinx/ext/napoleon/__init__.py,sphinx/directives/code.py
django__django-9296,django__django-14089,django/django,1,1,0,1.0,0.1836734693877551,0.40634766473672534,django/core/paginator.py,django/utils/datastructures.py
matplotlib__matplotlib-20859,matplotlib__matplotlib-23314,matplotlib/matplotlib,1,2,1,1.5,0.1038961038961039,0.1776186605805532,lib/matplotlib/legend.py,lib/mpl_toolkits/mplot3d/axes3d.py
django__django-10097,django__django-13512,django/django,1,1,0,1.0,0.07368421052631578,0.1912629776305719,django/core/validators.py,"django/contrib/admin/utils.py,django/forms/fields.py"
astropy__astropy-13033,astropy__astropy-14365,astropy/astropy,2,2,0,2.0,0.14423076923076922,0.0963881423104109,astropy/timeseries/core.py,astropy/io/ascii/qdp.py
astropy__astropy-13977,astropy__astropy-13579,astropy/astropy,2,3,1,2.5,0.051181102362204724,0.056715973846229666,astropy/units/quantity.py,astropy/wcs/wcsapi/wrappers/sliced_wcs.py
django__django-10880,django__django-10999,django/django,1,1,0,1.0,0.14814814814814814,0.1399159104249455,django/db/models/aggregates.py,django/utils/dateparse.py
matplotlib__matplotlib-22719,matplotlib__matplotlib-25960,matplotlib/matplotlib,1,2,1,1.5,0.1095890410958904,0.28809136771446175,lib/matplotlib/category.py,lib/matplotlib/figure.py
scikit-learn__scikit-learn-13439,scikit-learn__scikit-learn-25973,scikit-learn/scikit-learn,1,1,0,1.0,0.10126582278481013,0.256450896427368,sklearn/pipeline.py,sklearn/feature_selection/_sequential.py
pytest-dev__pytest-7205,pytest-dev__pytest-7432,pytest-dev/pytest,1,1,0,1.0,0.15789473684210525,0.252138560956756,src/_pytest/setuponly.py,src/_pytest/skipping.py
scikit-learn__scikit-learn-13142,scikit-learn__scikit-learn-25232,scikit-learn/scikit-learn,1,1,0,1.0,0.09230769230769231,0.27298892320867807,sklearn/mixture/base.py,sklearn/impute/_iterative.py
pydata__xarray-2905,pydata__xarray-6744,pydata/xarray,2,2,0,2.0,0.102803738317757,0.10818946841274284,xarray/core/variable.py,xarray/core/rolling.py
django__django-10999,django__django-11555,django/django,1,1,0,1.0,0.12727272727272726,0.15879497439886858,django/utils/dateparse.py,django/db/models/sql/compiler.py
pydata__xarray-4966,pydata__xarray-6599,pydata/xarray,2,2,0,2.0,0.12643678160919541,0.23360532547054905,xarray/coding/variables.py,xarray/core/computation.py
matplotlib__matplotlib-24149,matplotlib__matplotlib-25122,matplotlib/matplotlib,1,1,0,1.0,0.11290322580645161,0.08587660987919131,lib/matplotlib/axes/_axes.py,lib/matplotlib/mlab.py
sphinx-doc__sphinx-7462,sphinx-doc__sphinx-8621,sphinx-doc/sphinx,1,1,0,1.0,0.10526315789473684,0.10350913695893565,"sphinx/domains/python.py,sphinx/pycode/ast.py",sphinx/builders/html/transforms.py
sphinx-doc__sphinx-7440,sphinx-doc__sphinx-11510,sphinx-doc/sphinx,1,3,2,2.0,0.05128205128205128,0.08688860298064756,sphinx/domains/std.py,sphinx/directives/other.py
pydata__xarray-4629,pydata__xarray-6992,pydata/xarray,1,4,3,2.5,0.053003533568904596,0.12839333333092312,xarray/core/merge.py,"xarray/core/dataset.py,xarray/core/indexes.py"
sphinx-doc__sphinx-7889,sphinx-doc__sphinx-9711,sphinx-doc/sphinx,1,1,0,1.0,0.08256880733944955,0.06757817674455771,sphinx/ext/autodoc/mock.py,sphinx/extension.py
pydata__xarray-4629,pydata__xarray-7233,pydata/xarray,1,2,1,1.5,0.2033898305084746,0.2149266627707644,xarray/core/merge.py,xarray/core/rolling.py
scikit-learn__scikit-learn-12585,scikit-learn__scikit-learn-25931,scikit-learn/scikit-learn,1,2,1,1.5,0.07518796992481203,0.07375546327883055,sklearn/base.py,sklearn/ensemble/_iforest.py
scikit-learn__scikit-learn-13496,scikit-learn__scikit-learn-26194,scikit-learn/scikit-learn,1,2,1,1.5,0.0776255707762557,0.1602330944415496,sklearn/ensemble/iforest.py,sklearn/metrics/_ranking.py
sympy__sympy-12096,sympy__sympy-20916,sympy/sympy,1,1,0,1.0,0.11688311688311688,0.13707746603004994,sympy/core/function.py,sympy/printing/conventions.py
django__django-10097,django__django-11964,django/django,1,1,0,1.0,0.10126582278481013,0.18523452245732047,django/core/validators.py,django/db/models/enums.py
astropy__astropy-7166,astropy__astropy-14365,astropy/astropy,1,2,1,1.5,0.1282051282051282,0.14255191489100671,astropy/utils/misc.py,astropy/io/ascii/qdp.py
astropy__astropy-14309,astropy__astropy-8872,astropy/astropy,1,2,1,1.5,0.09420289855072464,0.08468659045812696,astropy/io/fits/connect.py,astropy/units/quantity.py
scikit-learn__scikit-learn-13496,scikit-learn__scikit-learn-13124,scikit-learn/scikit-learn,1,2,1,1.5,0.1111111111111111,0.2822136016086678,sklearn/ensemble/iforest.py,sklearn/model_selection/_split.py
sphinx-doc__sphinx-7440,sphinx-doc__sphinx-7889,sphinx-doc/sphinx,1,1,0,1.0,0.09876543209876543,0.062018978996238795,sphinx/domains/std.py,sphinx/ext/autodoc/mock.py
matplotlib__matplotlib-23476,matplotlib__matplotlib-24627,matplotlib/matplotlib,1,2,1,1.5,0.1388888888888889,0.2354162652919884,lib/matplotlib/figure.py,lib/matplotlib/axes/_base.py
scikit-learn__scikit-learn-11310,scikit-learn__scikit-learn-10297,scikit-learn/scikit-learn,1,2,1,1.5,0.09282700421940929,0.29831143189443493,sklearn/model_selection/_search.py,sklearn/linear_model/ridge.py
pydata__xarray-3305,pydata__xarray-6744,pydata/xarray,2,2,0,2.0,0.0625,0.20157144462963025,"xarray/core/dataset.py,xarray/core/variable.py",xarray/core/rolling.py
sphinx-doc__sphinx-7910,sphinx-doc__sphinx-9230,sphinx-doc/sphinx,1,1,0,1.0,0.14102564102564102,0.24237190393024777,sphinx/ext/napoleon/__init__.py,sphinx/util/docfields.py
matplotlib__matplotlib-23476,matplotlib__matplotlib-26291,matplotlib/matplotlib,1,2,1,1.5,0.14285714285714285,0.20950093964522798,lib/matplotlib/figure.py,lib/mpl_toolkits/axes_grid1/inset_locator.py
django__django-10097,django__django-11179,django/django,1,1,0,1.0,0.11864406779661017,0.1543053840034127,django/core/validators.py,django/db/models/deletion.py
astropy__astropy-8707,astropy__astropy-13033,astropy/astropy,2,2,0,2.0,0.0696969696969697,0.09629803540373194,"astropy/io/fits/card.py,astropy/io/fits/header.py",astropy/timeseries/core.py
matplotlib__matplotlib-20676,matplotlib__matplotlib-26466,matplotlib/matplotlib,1,2,1,1.5,0.11450381679389313,0.4872076577787424,lib/matplotlib/widgets.py,lib/matplotlib/text.py
scikit-learn__scikit-learn-13135,scikit-learn__scikit-learn-13496,scikit-learn/scikit-learn,1,1,0,1.0,0.059322033898305086,0.11795122091032713,sklearn/preprocessing/_discretization.py,sklearn/ensemble/iforest.py
sympy__sympy-13480,sympy__sympy-24562,sympy/sympy,1,1,0,1.0,0.2,0.21000818259114512,sympy/functions/elementary/hyperbolic.py,sympy/core/numbers.py
sphinx-doc__sphinx-7454,sphinx-doc__sphinx-7910,sphinx-doc/sphinx,1,1,0,1.0,0.12195121951219512,0.19828881124760994,sphinx/domains/python.py,sphinx/ext/napoleon/__init__.py
matplotlib__matplotlib-13989,matplotlib__matplotlib-25311,matplotlib/matplotlib,1,1,0,1.0,0.1686746987951807,0.16459085945465302,lib/matplotlib/axes/_axes.py,lib/matplotlib/offsetbox.py
sphinx-doc__sphinx-8269,sphinx-doc__sphinx-9281,sphinx-doc/sphinx,1,1,0,1.0,0.11827956989247312,0.10354705196245176,sphinx/builders/linkcheck.py,sphinx/util/inspect.py
pydata__xarray-4695,pydata__xarray-6992,pydata/xarray,2,4,2,3.0,0.04745762711864407,0.17591165944844384,xarray/core/dataarray.py,"xarray/core/dataset.py,xarray/core/indexes.py"
sympy__sympy-13480,sympy__sympy-13798,sympy/sympy,1,2,1,1.5,0.1506849315068493,0.07415045001356532,sympy/functions/elementary/hyperbolic.py,sympy/printing/latex.py
pytest-dev__pytest-8399,pytest-dev__pytest-10356,pytest-dev/pytest,2,3,1,2.5,0.09375,0.2100044472614872,"src/_pytest/python.py,src/_pytest/unittest.py",src/_pytest/mark/structures.py
pytest-dev__pytest-7521,pytest-dev__pytest-5787,pytest-dev/pytest,1,3,2,2.0,0.041353383458646614,0.11089126364356225,src/_pytest/capture.py,src/_pytest/reports.py
sphinx-doc__sphinx-7910,sphinx-doc__sphinx-10673,sphinx-doc/sphinx,1,2,1,1.5,0.054945054945054944,0.15194778448216764,sphinx/ext/napoleon/__init__.py,"sphinx/directives/other.py,sphinx/environment/adapters/toctree.py,sphinx/environment/collectors/toctree.py"
pytest-dev__pytest-5262,pytest-dev__pytest-8399,pytest-dev/pytest,1,2,1,1.5,0.09473684210526316,0.35867886287724793,src/_pytest/capture.py,"src/_pytest/python.py,src/_pytest/unittest.py"
django__django-10914,django__django-13821,django/django,1,1,0,1.0,0.08,0.10409946687315232,django/conf/global_settings.py,django/db/backends/sqlite3/base.py
pydata__xarray-3151,pydata__xarray-4966,pydata/xarray,2,2,0,2.0,0.12903225806451613,0.09800994720708625,xarray/core/combine.py,xarray/coding/variables.py
sympy__sympy-13480,sympy__sympy-19346,sympy/sympy,1,2,1,1.5,0.16216216216216217,0.1439025403389792,sympy/functions/elementary/hyperbolic.py,sympy/printing/repr.py
sphinx-doc__sphinx-7910,sphinx-doc__sphinx-8459,sphinx-doc/sphinx,1,1,0,1.0,0.17721518987341772,0.30497199844889755,sphinx/ext/napoleon/__init__.py,sphinx/ext/autodoc/typehints.py
pytest-dev__pytest-7205,pytest-dev__pytest-10051,pytest-dev/pytest,1,2,1,1.5,0.08823529411764706,0.13897451216277268,src/_pytest/setuponly.py,src/_pytest/logging.py
sphinx-doc__sphinx-7440,sphinx-doc__sphinx-7462,sphinx-doc/sphinx,1,1,0,1.0,0.09090909090909091,0.12144267683214834,sphinx/domains/std.py,"sphinx/domains/python.py,sphinx/pycode/ast.py"
pydata__xarray-3095,pydata__xarray-4966,pydata/xarray,2,2,0,2.0,0.05533596837944664,0.2000018091732444,"xarray/core/indexing.py,xarray/core/variable.py",xarray/coding/variables.py
django__django-10880,django__django-13551,django/django,1,1,0,1.0,0.10236220472440945,0.12694270311108127,django/db/models/aggregates.py,django/contrib/auth/tokens.py
sphinx-doc__sphinx-7440,sphinx-doc__sphinx-7757,sphinx-doc/sphinx,1,2,1,1.5,0.10256410256410256,0.0396724902009726,sphinx/domains/std.py,sphinx/util/inspect.py
sphinx-doc__sphinx-7454,sphinx-doc__sphinx-9229,sphinx-doc/sphinx,1,3,2,2.0,0.11016949152542373,0.1527369444287163,sphinx/domains/python.py,sphinx/ext/autodoc/__init__.py
scikit-learn__scikit-learn-11310,scikit-learn__scikit-learn-25931,scikit-learn/scikit-learn,1,2,1,1.5,0.09895833333333333,0.3435442394028963,sklearn/model_selection/_search.py,sklearn/ensemble/_iforest.py
astropy__astropy-8707,astropy__astropy-13453,astropy/astropy,2,2,0,2.0,0.03278688524590164,0.14735153786305707,"astropy/io/fits/card.py,astropy/io/fits/header.py",astropy/io/ascii/html.py
matplotlib__matplotlib-23476,matplotlib__matplotlib-25311,matplotlib/matplotlib,1,1,0,1.0,0.11494252873563218,0.20761645031572384,lib/matplotlib/figure.py,lib/matplotlib/offsetbox.py
scikit-learn__scikit-learn-13142,scikit-learn__scikit-learn-10297,scikit-learn/scikit-learn,1,2,1,1.5,0.08333333333333333,0.14639190938219732,sklearn/mixture/base.py,sklearn/linear_model/ridge.py
matplotlib__matplotlib-24177,matplotlib__matplotlib-22871,matplotlib/matplotlib,1,2,1,1.5,0.14,0.20208078251147277,lib/matplotlib/axes/_base.py,lib/matplotlib/dates.py
scikit-learn__scikit-learn-12585,scikit-learn__scikit-learn-11578,scikit-learn/scikit-learn,1,2,1,1.5,0.1388888888888889,0.14531238893076598,sklearn/base.py,sklearn/linear_model/logistic.py
sympy__sympy-14711,sympy__sympy-15345,sympy/sympy,1,1,0,1.0,0.14864864864864866,0.16013450883284894,sympy/physics/vector/vector.py,sympy/printing/mathematica.py
sphinx-doc__sphinx-8269,sphinx-doc__sphinx-8595,sphinx-doc/sphinx,1,1,0,1.0,0.16666666666666666,0.22611375352473928,sphinx/builders/linkcheck.py,sphinx/ext/autodoc/__init__.py
sympy__sympy-13480,sympy__sympy-16886,sympy/sympy,1,1,0,1.0,0.11940298507462686,0.17640264044658768,sympy/functions/elementary/hyperbolic.py,sympy/crypto/crypto.py
matplotlib__matplotlib-22719,matplotlib__matplotlib-23299,matplotlib/matplotlib,1,2,1,1.5,0.13114754098360656,0.1767048640765581,lib/matplotlib/category.py,lib/matplotlib/__init__.py
scikit-learn__scikit-learn-13496,scikit-learn__scikit-learn-13779,scikit-learn/scikit-learn,1,1,0,1.0,0.061946902654867256,0.2089307959543757,sklearn/ensemble/iforest.py,sklearn/ensemble/voting.py
astropy__astropy-14995,astropy__astropy-7671,astropy/astropy,1,2,1,1.5,0.10619469026548672,0.08752122894370053,astropy/nddata/mixins/ndarithmetic.py,astropy/utils/introspection.py
sphinx-doc__sphinx-7910,sphinx-doc__sphinx-11510,sphinx-doc/sphinx,1,3,2,2.0,0.06696428571428571,0.2147672055497006,sphinx/ext/napoleon/__init__.py,sphinx/directives/other.py
astropy__astropy-12907,astropy__astropy-14508,astropy/astropy,2,2,0,2.0,0.088,0.051537867053921785,astropy/modeling/separable.py,astropy/io/fits/card.py
matplotlib__matplotlib-20676,matplotlib__matplotlib-24970,matplotlib/matplotlib,1,2,1,1.5,0.11290322580645161,0.21386987674805516,lib/matplotlib/widgets.py,lib/matplotlib/colors.py
astropy__astropy-7671,astropy__astropy-14508,astropy/astropy,2,2,0,2.0,0.09316770186335403,0.08500095164179045,astropy/utils/introspection.py,astropy/io/fits/card.py
matplotlib__matplotlib-22719,matplotlib__matplotlib-20488,matplotlib/matplotlib,1,2,1,1.5,0.12213740458015267,0.27371321572233764,lib/matplotlib/category.py,lib/matplotlib/image.py
pydata__xarray-4075,pydata__xarray-6599,pydata/xarray,1,2,1,1.5,0.13541666666666666,0.15969408091853707,xarray/core/weighted.py,xarray/core/computation.py
pytest-dev__pytest-7205,pytest-dev__pytest-5631,pytest-dev/pytest,1,2,1,1.5,0.10975609756097561,0.15069655933596116,src/_pytest/setuponly.py,src/_pytest/compat.py
sphinx-doc__sphinx-7910,sphinx-doc__sphinx-8638,sphinx-doc/sphinx,1,2,1,1.5,0.11428571428571428,0.20940488108479116,sphinx/ext/napoleon/__init__.py,sphinx/domains/python.py
scikit-learn__scikit-learn-11310,scikit-learn__scikit-learn-9288,scikit-learn/scikit-learn,1,2,1,1.5,0.10256410256410256,0.1430679753416465,sklearn/model_selection/_search.py,sklearn/cluster/k_means_.py
pydata__xarray-6938,pydata__xarray-7233,pydata/xarray,2,2,0,2.0,0.08287292817679558,0.30823775909414314,"xarray/core/dataset.py,xarray/core/variable.py",xarray/core/rolling.py
django__django-10880,django__django-11099,django/django,1,1,0,1.0,0.140625,0.0861878859084016,django/db/models/aggregates.py,django/contrib/auth/validators.py
matplotlib__matplotlib-24149,matplotlib__matplotlib-20826,matplotlib/matplotlib,1,2,1,1.5,0.11627906976744186,0.16651863858673538,lib/matplotlib/axes/_axes.py,lib/matplotlib/axis.py
sympy__sympy-12096,sympy__sympy-18189,sympy/sympy,1,1,0,1.0,0.22413793103448276,0.16137491110944124,sympy/core/function.py,sympy/solvers/diophantine.py
pydata__xarray-4629,pydata__xarray-6938,pydata/xarray,1,2,1,1.5,0.08092485549132948,0.14834613148160777,xarray/core/merge.py,"xarray/core/dataset.py,xarray/core/variable.py"
django__django-10880,django__django-13512,django/django,1,1,0,1.0,0.11235955056179775,0.2309995102713273,django/db/models/aggregates.py,"django/contrib/admin/utils.py,django/forms/fields.py"
pytest-dev__pytest-7982,pytest-dev__pytest-8399,pytest-dev/pytest,1,2,1,1.5,0.10309278350515463,0.1338578298821471,src/_pytest/pathlib.py,"src/_pytest/python.py,src/_pytest/unittest.py"
astropy__astropy-13236,astropy__astropy-13398,astropy/astropy,2,3,1,2.5,0.037953795379537955,0.12307690741599042,astropy/table/table.py,"astropy/coordinates/builtin_frames/__init__.py,astropy/coordinates/builtin_frames/intermediate_rotation_transforms.py,astropy/coordinates/builtin_frames/itrs.py,astropy/coordinates/builtin_frames/itrs_observed_transforms.py"
scikit-learn__scikit-learn-11310,scikit-learn__scikit-learn-13439,scikit-learn/scikit-learn,1,1,0,1.0,0.10071942446043165,0.2527539608028816,sklearn/model_selection/_search.py,sklearn/pipeline.py
sympy__sympy-12096,sympy__sympy-15875,sympy/sympy,1,1,0,1.0,0.20408163265306123,0.3763187450126544,sympy/core/function.py,sympy/core/add.py
pytest-dev__pytest-7205,pytest-dev__pytest-7324,pytest-dev/pytest,1,2,1,1.5,0.07563025210084033,0.13126444283311228,src/_pytest/setuponly.py,src/_pytest/mark/expression.py
sympy__sympy-13372,sympy__sympy-22714,sympy/sympy,1,1,0,1.0,0.11688311688311688,0.20354739305071118,sympy/core/evalf.py,sympy/geometry/point.py
matplotlib__matplotlib-22719,matplotlib__matplotlib-25122,matplotlib/matplotlib,1,1,0,1.0,0.10897435897435898,0.09139623175854045,lib/matplotlib/category.py,lib/matplotlib/mlab.py
astropy__astropy-12907,astropy__astropy-14096,astropy/astropy,2,2,0,2.0,0.1232876712328767,0.10480722021138607,astropy/modeling/separable.py,astropy/coordinates/sky_coordinate.py
sympy__sympy-13480,sympy__sympy-18211,sympy/sympy,1,2,1,1.5,0.18666666666666668,0.15329368881442534,sympy/functions/elementary/hyperbolic.py,sympy/core/relational.py
sphinx-doc__sphinx-7454,sphinx-doc__sphinx-8056,sphinx-doc/sphinx,1,2,1,1.5,0.1206896551724138,0.1269823309040456,sphinx/domains/python.py,sphinx/ext/napoleon/docstring.py
pydata__xarray-4356,pydata__xarray-2905,pydata/xarray,1,2,1,1.5,0.12087912087912088,0.16432114000879444,xarray/core/nanops.py,xarray/core/variable.py
pytest-dev__pytest-5840,pytest-dev__pytest-5787,pytest-dev/pytest,2,3,1,2.5,0.0774818401937046,0.17152719398169552,"src/_pytest/config/__init__.py,src/_pytest/pathlib.py",src/_pytest/reports.py
scikit-learn__scikit-learn-13439,scikit-learn__scikit-learn-12973,scikit-learn/scikit-learn,1,2,1,1.5,0.1076923076923077,0.28821880818466633,sklearn/pipeline.py,sklearn/linear_model/least_angle.py
sphinx-doc__sphinx-7462,sphinx-doc__sphinx-10449,sphinx-doc/sphinx,1,1,0,1.0,0.11971830985915492,0.18318903565964675,"sphinx/domains/python.py,sphinx/pycode/ast.py",sphinx/ext/autodoc/typehints.py
scikit-learn__scikit-learn-13496,scikit-learn__scikit-learn-12973,scikit-learn/scikit-learn,1,2,1,1.5,0.08383233532934131,0.20669573354113055,sklearn/ensemble/iforest.py,sklearn/linear_model/least_angle.py
astropy__astropy-7166,astropy__astropy-7606,astropy/astropy,1,2,1,1.5,0.11811023622047244,0.0838549098850537,astropy/utils/misc.py,astropy/units/core.py
scikit-learn__scikit-learn-12585,scikit-learn__scikit-learn-12682,scikit-learn/scikit-learn,1,2,1,1.5,0.03614457831325301,0.041357512065415616,sklearn/base.py,"examples/decomposition/plot_sparse_coding.py,sklearn/decomposition/dict_learning.py"
django__django-10914,django__django-14089,django/django,1,1,0,1.0,0.10344827586206896,0.11359853895893882,django/conf/global_settings.py,django/utils/datastructures.py
pydata__xarray-4687,pydata__xarray-7233,pydata/xarray,2,2,0,2.0,0.08,0.11769486975808367,xarray/core/computation.py,xarray/core/rolling.py
pytest-dev__pytest-7236,pytest-dev__pytest-10051,pytest-dev/pytest,2,2,0,2.0,0.10059171597633136,0.4004905666370504,src/_pytest/unittest.py,src/_pytest/logging.py
pydata__xarray-4629,pydata__xarray-6744,pydata/xarray,1,2,1,1.5,0.12244897959183673,0.0989151899551475,xarray/core/merge.py,xarray/core/rolling.py
pydata__xarray-4629,pydata__xarray-3095,pydata/xarray,1,2,1,1.5,0.05555555555555555,0.10435935156173376,xarray/core/merge.py,"xarray/core/indexing.py,xarray/core/variable.py"
django__django-9296,django__django-13933,django/django,1,1,0,1.0,0.12698412698412698,0.26390207565912094,django/core/paginator.py,django/forms/models.py
pydata__xarray-4075,pydata__xarray-4695,pydata/xarray,1,2,1,1.5,0.16853932584269662,0.2285828302450968,xarray/core/weighted.py,xarray/core/dataarray.py
sympy__sympy-12481,sympy__sympy-15017,sympy/sympy,1,1,0,1.0,0.14285714285714285,0.11591721932135977,sympy/combinatorics/permutations.py,sympy/tensor/array/dense_ndim_array.py
matplotlib__matplotlib-13989,matplotlib__matplotlib-24637,matplotlib/matplotlib,1,2,1,1.5,0.17142857142857143,0.18188032494061818,lib/matplotlib/axes/_axes.py,lib/matplotlib/offsetbox.py
pydata__xarray-6461,pydata__xarray-3151,pydata/xarray,1,2,1,1.5,0.13861386138613863,0.13204356360583117,xarray/core/computation.py,xarray/core/combine.py
django__django-10914,django__django-13807,django/django,1,1,0,1.0,0.08,0.06672879153239923,django/conf/global_settings.py,django/db/backends/sqlite3/base.py
astropy__astropy-14309,astropy__astropy-13398,astropy/astropy,1,3,2,2.0,0.022033898305084745,0.08919410856277973,astropy/io/fits/connect.py,"astropy/coordinates/builtin_frames/__init__.py,astropy/coordinates/builtin_frames/intermediate_rotation_transforms.py,astropy/coordinates/builtin_frames/itrs.py,astropy/coordinates/builtin_frames/itrs_observed_transforms.py"
scikit-learn__scikit-learn-11310,scikit-learn__scikit-learn-13779,scikit-learn/scikit-learn,1,1,0,1.0,0.0948905109489051,0.19662299339443015,sklearn/model_selection/_search.py,sklearn/ensemble/voting.py
matplotlib__matplotlib-20859,matplotlib__matplotlib-25287,matplotlib/matplotlib,1,1,0,1.0,0.11538461538461539,0.1933447539617885,lib/matplotlib/legend.py,lib/matplotlib/axis.py
pytest-dev__pytest-7324,pytest-dev__pytest-10356,pytest-dev/pytest,2,3,1,2.5,0.10628019323671498,0.18602967305402313,src/_pytest/mark/expression.py,src/_pytest/mark/structures.py
matplotlib__matplotlib-24177,matplotlib__matplotlib-25775,matplotlib/matplotlib,1,2,1,1.5,0.055350553505535055,0.17719748801724547,lib/matplotlib/axes/_base.py,"lib/matplotlib/backends/backend_agg.py,lib/matplotlib/backends/backend_cairo.py,lib/matplotlib/text.py"
astropy__astropy-14995,astropy__astropy-14369,astropy/astropy,1,3,2,2.0,0.04918032786885246,0.06172932945339554,astropy/nddata/mixins/ndarithmetic.py,"astropy/units/format/cds.py,astropy/units/format/cds_parsetab.py"
matplotlib__matplotlib-23476,matplotlib__matplotlib-23412,matplotlib/matplotlib,1,2,1,1.5,0.13333333333333333,0.2389288772830283,lib/matplotlib/figure.py,lib/matplotlib/patches.py
pydata__xarray-4695,pydata__xarray-6599,pydata/xarray,2,2,0,2.0,0.15584415584415584,0.27866323087724965,xarray/core/dataarray.py,xarray/core/computation.py
pytest-dev__pytest-7205,pytest-dev__pytest-7236,pytest-dev/pytest,1,2,1,1.5,0.06716417910447761,0.13737246537965428,src/_pytest/setuponly.py,src/_pytest/unittest.py
sympy__sympy-12481,sympy__sympy-18211,sympy/sympy,1,2,1,1.5,0.14893617021276595,0.11515567616682168,sympy/combinatorics/permutations.py,sympy/core/relational.py
astropy__astropy-13977,astropy__astropy-14598,astropy/astropy,2,2,0,2.0,0.0673758865248227,0.08478575419001261,astropy/units/quantity.py,astropy/io/fits/card.py
scikit-learn__scikit-learn-11310,scikit-learn__scikit-learn-15100,scikit-learn/scikit-learn,1,2,1,1.5,0.1069182389937107,0.12184339356408264,sklearn/model_selection/_search.py,sklearn/feature_extraction/text.py
django__django-9296,django__django-13112,django/django,1,1,0,1.0,0.136986301369863,0.24938325325836697,django/core/paginator.py,django/db/models/fields/related.py
django__django-10097,django__django-11490,django/django,1,1,0,1.0,0.11267605633802817,0.1166241650563488,django/core/validators.py,django/db/models/sql/compiler.py
sympy__sympy-13480,sympy__sympy-19040,sympy/sympy,1,2,1,1.5,0.18181818181818182,0.22110527354998868,sympy/functions/elementary/hyperbolic.py,sympy/polys/factortools.py
scikit-learn__scikit-learn-13135,scikit-learn__scikit-learn-11578,scikit-learn/scikit-learn,1,2,1,1.5,0.11842105263157894,0.14678029220129374,sklearn/preprocessing/_discretization.py,sklearn/linear_model/logistic.py
astropy__astropy-7166,astropy__astropy-14369,astropy/astropy,1,3,2,2.0,0.057034220532319393,0.07335669598622287,astropy/utils/misc.py,"astropy/units/format/cds.py,astropy/units/format/cds_parsetab.py"
pydata__xarray-4356,pydata__xarray-3151,pydata/xarray,1,2,1,1.5,0.14705882352941177,0.15770247932726666,xarray/core/nanops.py,xarray/core/combine.py
scikit-learn__scikit-learn-13328,scikit-learn__scikit-learn-14629,scikit-learn/scikit-learn,1,2,1,1.5,0.1450381679389313,0.23503187049151308,sklearn/linear_model/huber.py,sklearn/multioutput.py
astropy__astropy-7336,astropy__astropy-12907,astropy/astropy,1,2,1,1.5,0.19298245614035087,0.11661457166698981,astropy/units/decorators.py,astropy/modeling/separable.py
scikit-learn__scikit-learn-13496,scikit-learn__scikit-learn-14141,scikit-learn/scikit-learn,1,1,0,1.0,0.07692307692307693,0.14724988036793418,sklearn/ensemble/iforest.py,sklearn/utils/_show_versions.py
pydata__xarray-3677,pydata__xarray-7393,pydata/xarray,2,2,0,2.0,0.15517241379310345,0.2450344257219458,xarray/core/dataset.py,xarray/core/indexing.py
matplotlib__matplotlib-23476,matplotlib__matplotlib-21568,matplotlib/matplotlib,1,2,1,1.5,0.10975609756097561,0.14487052265323072,lib/matplotlib/figure.py,lib/matplotlib/dates.py
sympy__sympy-12096,sympy__sympy-19495,sympy/sympy,1,1,0,1.0,0.07272727272727272,0.14799953731874227,sympy/core/function.py,sympy/sets/conditionset.py
scikit-learn__scikit-learn-12585,scikit-learn__scikit-learn-14983,scikit-learn/scikit-learn,1,1,0,1.0,0.10638297872340426,0.13121451827671946,sklearn/base.py,sklearn/model_selection/_split.py
pydata__xarray-4356,pydata__xarray-6599,pydata/xarray,1,2,1,1.5,0.1111111111111111,0.22170206754292712,xarray/core/nanops.py,xarray/core/computation.py
astropy__astropy-13236,astropy__astropy-14369,astropy/astropy,2,3,1,2.5,0.04669260700389105,0.06552783675300204,astropy/table/table.py,"astropy/units/format/cds.py,astropy/units/format/cds_parsetab.py"
sympy__sympy-14711,sympy__sympy-16886,sympy/sympy,1,1,0,1.0,0.10606060606060606,0.13812249854933123,sympy/physics/vector/vector.py,sympy/crypto/crypto.py
django__django-9296,django__django-11555,django/django,1,1,0,1.0,0.16666666666666666,0.19607151297362607,django/core/paginator.py,django/db/models/sql/compiler.py
django__django-10097,django__django-13821,django/django,1,1,0,1.0,0.11764705882352941,0.1633356751000508,django/core/validators.py,django/db/backends/sqlite3/base.py
pydata__xarray-7229,pydata__xarray-7393,pydata/xarray,2,2,0,2.0,0.11920529801324503,0.11368824454115659,xarray/core/computation.py,xarray/core/indexing.py
scikit-learn__scikit-learn-12585,scikit-learn__scikit-learn-9288,scikit-learn/scikit-learn,1,2,1,1.5,0.10526315789473684,0.12040266677877429,sklearn/base.py,sklearn/cluster/k_means_.py
sphinx-doc__sphinx-7462,sphinx-doc__sphinx-7985,sphinx-doc/sphinx,1,2,1,1.5,0.12781954887218044,0.15932937206417075,"sphinx/domains/python.py,sphinx/pycode/ast.py",sphinx/builders/linkcheck.py
pydata__xarray-4695,pydata__xarray-7393,pydata/xarray,2,2,0,2.0,0.21875,0.33410326013898894,xarray/core/dataarray.py,xarray/core/indexing.py
astropy__astropy-14995,astropy__astropy-13236,astropy/astropy,1,2,1,1.5,0.11607142857142858,0.12559871199393402,astropy/nddata/mixins/ndarithmetic.py,astropy/table/table.py
matplotlib__matplotlib-22719,matplotlib__matplotlib-14623,matplotlib/matplotlib,1,2,1,1.5,0.10674157303370786,0.182985151938648,lib/matplotlib/category.py,"lib/matplotlib/axes/_base.py,lib/matplotlib/ticker.py,lib/mpl_toolkits/mplot3d/axes3d.py"
pytest-dev__pytest-5840,pytest-dev__pytest-10356,pytest-dev/pytest,2,3,1,2.5,0.10299003322259136,0.14432207580228631,"src/_pytest/config/__init__.py,src/_pytest/pathlib.py",src/_pytest/mark/structures.py
pytest-dev__pytest-10051,pytest-dev__pytest-10356,pytest-dev/pytest,2,3,1,2.5,0.1099476439790576,0.14431770302010904,src/_pytest/logging.py,src/_pytest/mark/structures.py
django__django-10880,django__django-11951,django/django,1,1,0,1.0,0.1518987341772152,0.2920929814438238,django/db/models/aggregates.py,django/db/models/query.py
astropy__astropy-7166,astropy__astropy-8872,astropy/astropy,1,2,1,1.5,0.12048192771084337,0.14753685618056975,astropy/utils/misc.py,astropy/units/quantity.py
sympy__sympy-12096,sympy__sympy-18763,sympy/sympy,1,1,0,1.0,0.2,0.27252234162571004,sympy/core/function.py,sympy/printing/latex.py
sphinx-doc__sphinx-7889,sphinx-doc__sphinx-9698,sphinx-doc/sphinx,1,1,0,1.0,0.16666666666666666,0.29638755754239754,sphinx/ext/autodoc/mock.py,sphinx/domains/python.py
django__django-9296,django__django-11163,django/django,1,1,0,1.0,0.14516129032258066,0.12961754418734317,django/core/paginator.py,django/forms/models.py
django__django-10097,django__django-12209,django/django,1,1,0,1.0,0.11940298507462686,0.1548114297711135,django/core/validators.py,django/db/models/base.py
scikit-learn__scikit-learn-13496,scikit-learn__scikit-learn-12682,scikit-learn/scikit-learn,1,2,1,1.5,0.06605922551252848,0.2600771615943897,sklearn/ensemble/iforest.py,"examples/decomposition/plot_sparse_coding.py,sklearn/decomposition/dict_learning.py"
